equipo,solicitud,punto,direccion,sentido,lon,lat,infracciones_texto,estado_solicitud,codigos,fecha_inicio,codigo_unico,solicitud_ansv,direccion_ansv,llave_sast,dist_zona_m
EQUIPO021,2,LOS MANGUITOS,DIAGONAL 21 - CARRERA 19,SUR-NORTE,-73.25401938,10.46141735,"C02, C03, C24, C29, C35, D02, D04, D05 y C32",APROBADO,"C02, C03, C24, C29, C35, D02, D04, D05, C32",2026-09-02,CU000000000908,SOL0000010402,DIAGONAL 21 - CARRERA 19 (SENTIDO SUR - NORTE),DIAGONAL21CARRERA19SURNORTE,0.0
EQUIPO022,2,LOS MANGUITOS,DIAGONAL 21 - CARRERA 18E,NORTE-SUR,-73.25364062,10.46242587,"C02, C03, C24, C29, C35, D02, D04, D05 y C32",APROBADO,"C02, C03, C24, C29, C35, D02, D04, D05, C32",2026-09-02,CU000000000909,SOL0000010402,DIAGONAL 21 - CARRERA 18E (SENTIDO NORTE - SUR),DIAGONAL21CARRERA18ENORTESUR,0.0
EQUIPO031,3,MERCADO PÚBLICO,CALLE 21 - CARRERA 15,OESTE-ESTE,-73.24742903,10.46396196,"C02, C03, C24, C32, C35, D02, D04, D05",APROBADO,"C02, C03, C24, C32, C35, D02, D04, D05",2026-08-27,CU000000000907,SOL0000010802,CALLE 21 - CARRERA 15 (SENTIDO OESTE - ESTE),CALLE21CARRERA15OESTEESTE,0.0
EQUIPO032,3,MERCADO PÚBLICO,TRANSVERSAL 12 - CALLE 20B,NORTE-SUR,-73.24693397,10.46424082,"C02, C03, C24, C32, C35, D02, D04, D05",APROBADO,"C02, C03, C24, C32, C35, D02, D04, D05",2026-08-27,CU000000000906,SOL0000010802,TRANSVERSAL 12 - CALLE 20B (SENTIDO NORTE - SUR),TRANSVERSAL12CALLE20BNORTESUR,0.0
EQUIPO041,4,COLEGIO LOPERENA,DIAGONAL 16 - CARRERA 12,,-73.25000611,10.47327816,"C02, C03, C24, C32, C35, D02, D04, D05",APROBADO,"C02, C03, C24, C32, C35, D02, D04, D05",2026-08-18,CU000000000915,SOL0000010743,CALLE 16 - CARRERA 12 (OESTE - ESTE),CALLE16CARRERA12OESTEESTE,0.0
EQUIPO042,4,COLEGIO LOPERENA,CARRERA 12 - CALLE 16,,-73.24932744,10.47328756,"C02, C03, C24, C32, C35, D02, D04, D05",APROBADO,"C02, C03, C24, C32, C35, D02, D04, D05",2026-06-17,CU000000000914,SOL0000010743,CARRERA 12 - CALLE 16 (SUR - NORTE),CARRERA12CALLE16SURNORTE,9.387151510105118
EQUIPO051,5,LA VIÑA,CARRERA 9 - CALLE 17,,-73.24537977,10.47290828,"C02, C03, C24, C35, D02, D04, D05, C32",APROBADO,"C02, C03, C24, C35, D02, D04, D05, C32",2026-08-27,CU000000000912,SOL0000010882,CARRERA 9 - CALLE 17 (SUR - NORTE),CARRERA9CALLE17SURNORTE,0.0
EQUIPO052,5,LA VIÑA,CALLE 17 - CARRERA 8,,-73.24512617,10.47324331,"C02, C03, C24, C35, D02, D04, D05, C32",APROBADO,"C02, C03, C24, C35, D02, D04, D05, C32",2026-08-27,CU000000000911,SOL0000010882,CALLE 17 - CARRERA 8 (ESTE - OESTE),CALLE17CARRERA8ESTEOESTE,0.0
EQUIPO071,7,UNIVERSIDAD ÁREA ANDINA,CALLE 6 - CARRERA 23,OESTE-ESTE,-73.27257429,10.48103108,"C02, C03, C24, C32, C35, D02, D03, D04, D05.",APROBADO,"C02, C03, C24, C32, C35, D02, D03, D04, D05",2026-10-02,CU000000000894,SOL0000010785,CALLE 6 - CARRERA 23 (SENTIDO OESTE - ESTE),CALLE6CARRERA23OESTEESTE,0.0
