fecha,codigo,medio,direccion,ubicacion,metodo_dir,vias,detalle,lon_u,lat_u,dist_gps_direccion_m,revision_ok,revision_nota
2023-03-07,C35,agente,VI PUEBLO B VALLEDUPAR - KM 114,gps,sin_punto,,dirección de tipo via_km,-73.271168,10.433392,,,
2023-04-30,F,agente,VI VALLEDUPAR LA PAZ - KM 1,gps,sin_punto,,dirección de tipo via_km,-73.24116,10.418142,,,
2023-05-13,C02,agente,CARRERA 9 # MADRES PARK VALLEDUPAR,gps,sin_punto,CR 9,dirección de tipo via_sola,-73.247627,10.475918,,,
2023-05-28,C02,agente,CARRERA 9 # 16A 53 VALLEDUPAR,direccion,domiciliaria,CR 9 × CL 16 A,placa 53 m hacia CL 17 (cuadra de 208 m); intersección,-73.246343,10.47419,7.0,,
2023-05-29,C03,agente,CARRERA 11 # 16A52 VALLEDUPAR,direccion,domiciliaria,CR 11 × CL 16 A,placa 52 m hacia CL 17 (cuadra de 176 m); intersección,-73.24757,10.473042,12.0,,
2023-06-03,C02,agente,CARRERA 12 # 20B120 VALLEDUPAR,direccion,domiciliaria_cuadra,CR 12 × CL 20 B,placa 120; sin cruce con CL 21 a ≤ 250 m; hueco de 86 m,-73.245286,10.466974,237.0,,
2023-08-28,C02,agente,CALLE 16 # 7-56 VALLEDUPAR,direccion,domiciliaria,CL 16 × CR 7,placa 56 m hacia CR 8 (cuadra de 125 m); intersección,-73.245809,10.476023,13.0,,
2023-09-05,C35,agente,CARRERA 11 CALLE 16A VALLEDUPAR,direccion,cruce,CR 11 × CL 16 A,intersección,-73.247831,10.473435,51.0,,
2023-10-02,C02,agente,CARRERA 7 # 18A- A 18A-101 VALLEDUPAR,direccion,domiciliaria_cuadra,CR 7 × CL 18 A,placa 101; sin cruce con CL 19 a ≤ 250 m; intersección,-73.242985,10.473277,97.0,,
2023-10-08,C02,agente,CALLE 16B #7-15 VALLEDUPAR,direccion,domiciliaria,CL 16 B × CR 7,placa 15 m hacia CR 8 (cuadra de 138 m); intersección,-73.244632,10.475067,47.0,,
2023-10-24,C02,agente,CALLE CALLE 31#6A-15 VALLEDUPAR,direccion,domiciliaria_cuadra,CL 31 × CR 6 A,placa 15; sin cruce con CR 7 a ≤ 250 m; intersección,-73.240237,10.456083,26.0,,
2023-11-08,B02,agente,CARRERA CRA 23 CALLE 13C VALLEDUPAR,direccion,cruce,CR 23 × CL 13 C,intersección,-73.266787,10.467937,36.0,,
2023-12-07,C02,agente,CARRERA 19 A CALLE 16 VALLEDUPAR,direccion,cruce,CR 19 A × CL 16,intersección,-73.25805,10.468579,2977.0,,
2023-12-12,C02,agente,CARRERA 9 # N 19-94 VALLEDUPAR,gps,sin_punto,CR 9,dirección de tipo via_sola,-73.243877,10.471075,,,
2023-12-26,C24,agente,CARRERA 19 CLL 16A FRENTE A TELECON VALLEDUPAR,direccion,cruce,CR 19 × CL 16 A,intersección,-73.256676,10.468467,40.0,,
2023-12-27,C02,agente,CARRERA 7A # 191 VALLEDUPAR,gps,sin_punto,CR 7 A × CL 191,vía no está en la referencia: CL 191,-73.24349,10.468722,,,
2024-03-01,B02,agente,KM 114 - VI VDPAR- PUEBLO NUEVO,gps,sin_punto,,dirección de tipo via_km,-73.271263,10.433488,,,
2024-03-19,C35,fotodeteccion_previa,CARRERA 10 14-35,direccion,domiciliaria,CR 10 × CL 14,placa 35 m hacia CL 15 (cuadra de 134 m); intersección,-73.249003,10.476229,,,
2024-04-04,C02,agente,CALLE 16 CON 19 D SANITA VALLEDUPAR,direccion,cruce,CL 16 × CR 19 D,intersección,-73.260792,10.467222,1923.0,,
2024-04-05,C02,agente,DIAGONAL 21CON30 VALLEDUPAR,gps,sin_punto,DG 21,dirección de tipo via_sola,-73.26426,10.450057,,,
2024-04-18,C24,agente,CARRERA 19 # 13-59 VALLEDUPAR,direccion,domiciliaria_cuadra,CR 19 × CL 13,placa 59; sin cruce con CL 14 a ≤ 250 m; intersección,-73.258762,10.474219,74.0,,
2024-04-24,C02,fotodeteccion_previa,CALLE 16B 7A-79,direccion,domiciliaria,CL 16 B × CR 7 A,placa 79 m hacia CR 8 (cuadra de 79 m); intersección,-73.245511,10.474381,,,
2024-05-04,C02,agente,CARRERA 7 # LOCAL 102 VALLEDUPAR,gps,sin_punto,CR 7,dirección de tipo via_sola,-73.24338,10.445222,,,
2024-05-10,C02,agente,CARRERA 8 #16B - 39 VALLEDUPAR,direccion,domiciliaria,CR 8 × CL 16 B,placa 39 m hacia CL 17 (cuadra de 123 m); intersección,-73.245311,10.47409,10.0,,
2024-05-27,C02,agente,CALLE 10 CON 14 VALLEDUPAR,direccion,cruce,CL 10 × CR 14,intersección,-73.255914,10.479335,3372.0,,
2024-06-01,C02,agente,CARRERA CARRERA 13 AFUERA DE DAVIVIENDA BANCO VALLEDUPAR,gps,sin_punto,CR 13,dirección de tipo via_sola,-73.23028,10.462996,,,
2024-06-13,C02,fotodeteccion_previa,CARRERA 11 16B-32,direccion,domiciliaria,CR 11 × CL 16 B,placa 32 m hacia CL 17 (cuadra de 78 m); intersección,-73.247171,10.472462,,,
2024-06-20,C02,agente,CALLE 16 B#13-24 VALLEDUPAR,direccion,domiciliaria,CL 16 B × CR 13,placa 24 m hacia CR 14 (cuadra de 96 m); intersección,-73.249706,10.471097,25.0,,
2024-06-20,C02,agente,TRANSVERSAL 18B 20-14 VALLEDUPAR,direccion,domiciliaria_cuadra,TV 18 B × CL 20,placa 14; sin cruce con CL 21 a ≤ 250 m; hueco de 48 m,-73.252791,10.465086,207.0,,
2024-06-28,C02,agente,CARRERA 15 #16- 96 AFUERA DE RADIOLOGIA IMAGENES VALLEDUPAR,direccion,domiciliaria_cuadra,CR 15 × CL 16,placa 96; sin cruce con CL 17 a ≤ 250 m; intersección,-73.252286,10.471803,144.0,,
2024-06-29,C31,agente,CALLE 45 # 1115 45 # 1115 TERMINAL EDS LA ESMERALDA 3 VALLEDUPAR,gps,sin_punto,CL 45,dirección de tipo via_sola,-73.242507,10.444708,,,
2024-07-13,D02,agente,CARRERA CRA 4 DETRAS DPA VALLEDUPAR,gps,sin_punto,CR 4,dirección de tipo via_sola,-73.257823,10.492455,,,
2024-07-26,C35,agente,CARRERA 19 CON CALLE 16A TELECOM VALLEDUPAR,direccion,cruce,CR 19 × CL 16 A,intersección,-73.256676,10.468467,24.0,,
2024-08-01,C02,fotodeteccion_previa,CALLE 17 13-33,direccion,domiciliaria,CL 17 × CR 13,placa 33 m hacia CR 14 (cuadra de 97 m); intersección,-73.249416,10.470515,,,
2024-08-05,D02,agente,CARRERA 9 # 6- 109 VALLEDUPAR,gps,sin_punto,CR 9 × CL 6,no se cruzan (más cerca: 318 m),-73.2623,10.488893,,,
2024-08-24,C02,fotodeteccion_previa,CARRERA 16 20-27,direccion,domiciliaria_cuadra,CR 16 × CL 20,placa 27; sin cruce con CL 21 a ≤ 250 m; hueco de 49 m,-73.246551,10.466313,,,
2024-09-05,C02,fotodeteccion_previa,CARRERA 9 19-80,direccion,domiciliaria_cuadra,CR 9 × CL 19,placa 80; sin cruce con CL 20 a ≤ 250 m; intersección,-73.244349,10.471651,,,
2024-09-12,C02,fotodeteccion_previa,CALLE 14 8-35,direccion,domiciliaria,CL 14 × CR 8,placa 35 m hacia CR 9 (cuadra de 105 m); intersección,-73.247953,10.477314,,,
2024-09-16,C02,fotodeteccion_previa,CALLE 16B 13-51,direccion,domiciliaria,CL 16 B × CR 13,placa 51 m hacia CR 14 (cuadra de 96 m); intersección,-73.249911,10.470961,,,
2024-09-23,D02,agente,CALLE 44 # 18D88PARQUEADERO MUNICIPAAL VALLEDUPAR,direccion,domiciliaria_cuadra,CL 44 × CR 18 D,placa 88; sin cruce con CR 19 a ≤ 250 m; hueco de 24 m,-73.243092,10.446115,107.0,,
2024-10-05,C02,fotodeteccion_previa,CALLE 17 #7-26,direccion,domiciliaria,CL 17 × CR 7,placa 26 m hacia CR 8 (cuadra de 146 m); intersección,-73.243961,10.474061,,,
2024-10-22,C02,agente,CALLE 16B # 14-93 VALLEDUPAR,direccion,domiciliaria,CL 16 B × CR 14,placa 93 m hacia CR 15 (cuadra de 118 m); intersección,-73.250963,10.470269,24.0,,
2024-10-30,C02,agente,CALLE 16A # 9-10 31 VALLEDUPAR,direccion,domiciliaria,CL 16 A × CR 9,placa 10 m hacia CR 10 (cuadra de 110 m); intersección,-73.246719,10.474509,146.0,,
2024-10-31,C35,fotodeteccion_previa,CARRERA 11 #16A-52,direccion,domiciliaria,CR 11 × CL 16 A,placa 52 m hacia CL 17 (cuadra de 176 m); intersección,-73.24757,10.473042,,,
2024-11-19,C02,fotodeteccion_previa,CARRERA 10 #13C-41,direccion,domiciliaria,CR 10 × CL 13 C,placa 41 m hacia CL 14 (cuadra de 104 m); intersección,-73.249534,10.476939,,,
2024-11-19,C02,agente,CARRERA LOCAL 102 TERMINAL VALLEDUPAR,gps,sin_punto,,dirección de tipo referencia,-73.242563,10.44489,,,
2024-12-17,C24,agente,CARRERA 23 # 4-01 VALLEDUPAR,direccion_gps,ambigua,CR 23 × CL 4,2 cruces posibles a 374 m,-73.272229,10.486628,173.0,,
2024-12-26,C02,fotodeteccion_previa,CARRERA 14 #17-52,direccion,domiciliaria,CR 14 × CL 17,placa 52 m hacia CL 18 (cuadra de 114 m); intersección,-73.249641,10.469808,,,
2024-12-30,C35,fotodeteccion_previa,CARRERA 9 #19-12,direccion,domiciliaria_cuadra,CR 9 × CL 19,placa 12; sin cruce con CL 20 a ≤ 250 m; intersección,-73.244349,10.471651,,,
2025-01-08,C02,fotodeteccion_previa,CARRERA 14 #17-52,direccion,domiciliaria,CR 14 × CL 17,placa 52 m hacia CL 18 (cuadra de 114 m); intersección,-73.249641,10.469808,,,
2025-01-29,C02,fotodeteccion_previa,CRA. 10 # 15-42,direccion,domiciliaria,CR 10 × CL 15,placa 42 m hacia CL 16 (cuadra de 111 m); intersección,-73.248255,10.475186,,,
2025-01-30,C02,fotodeteccion_previa,CARRERA 10 #16B-42,direccion,domiciliaria,CR 10 × CL 16 B,placa 42 m hacia CL 17 (cuadra de 102 m); intersección,-73.246745,10.472904,,,
2025-01-30,C02,fotodeteccion_previa,CARRERA 9 #13B-36,direccion,domiciliaria,CR 9 × CL 13 B,placa 36 m hacia CL 14 (cuadra de 194 m); intersección,-73.249354,10.478096,,,
2025-03-11,C02,fotodeteccion_previa,CALLE 16 CRA 10,direccion,cruce,CL 16 × CR 10,intersección,-73.247902,10.474668,,,
2025-03-14,C11,agente,DIAGONAL 21 # 31-50 TERMINALITO VALLEDUPAR,direccion,domiciliaria_cuadra,DG 21 × CR 31,placa 50; sin cruce con CR 32 a ≤ 250 m; hueco de 14 m,-73.262449,10.446951,185.0,,
2025-03-18,C02,fotodeteccion_previa,CALLE 14 CON CRA 9,direccion,cruce,CL 14 × CR 9,intersección,-73.248481,10.476961,,,
2025-03-19,C02,agente,AVENIDA LOCAL 102 TERMINAL VALLEDUPAR,gps,sin_punto,,dirección de tipo via_nombrada,-73.244133,10.446062,,,
2025-04-09,C02,fotodeteccion_previa,CR 12 CL 19C,direccion,cruce,CR 12 × CL 19 C,intersección,-73.246309,10.468501,,,
2025-04-17,C03,agente,CARRETERA ENTRADA AL ECCEHOMO VALLEDUPAR,gps,sin_punto,,dirección de tipo tramo_sin_km,-73.27082,10.503322,,,
2025-05-09,C02,fotodeteccion_previa,CL 16A CR 13,direccion,cruce,CL 16 A × CR 13,intersección,-73.25005,10.471977,,,
2025-05-23,C02,fotodeteccion_previa,CR 14 CL 16,direccion,cruce,CR 14 × CL 16,intersección,-73.251379,10.472243,,,
2025-05-27,C02,agente,CALLE 14 # A 13-73 VALLEDUPAR,gps,sin_punto,CL 14,dirección de tipo via_sola,-73.251353,10.47494,,,
2025-08-15,D02,agente,AVENIDA FRENTE A MERCABASTOS VALLEDUPAR,gps,sin_punto,,dirección de tipo via_nombrada,-73.265563,10.4405,,,
2025-09-02,C02,agente,CARRERA 15 # 16B 14 VALLEDUPAR,direccion,domiciliaria,CR 15 × CL 16 B,placa 14 m hacia CL 17 (cuadra de 69 m); intersección,-73.251086,10.470037,26.0,,
2025-09-09,C02,fotodeteccion_previa,CR 12 CL 13,direccion,cruce,CR 12 × CL 13,intersección,-73.252762,10.478033,,,
2025-10-07,C02,fotodeteccion_previa,CR 12 CL 17,direccion,cruce,CR 12 × CL 17,intersección,-73.248221,10.471287,,,
2025-11-01,D02,agente,AVENIDA CAI VALLEDUPAR,gps,sin_punto,,dirección de tipo via_nombrada,-73.266962,10.501307,,,
2025-11-05,D02,agente,V-VALLEDUPAR SAN JUAN 02-0-0-KM-02-0-0,gps,sin_punto,,dirección de tipo via_km,-73.259398,10.460472,,,
2025-11-11,C02,fotodeteccion_previa,CL 19 CR 14,direccion,cruce,CL 19 × CR 14,intersección,-73.248723,10.468473,,,
2025-11-15,C02,fotodeteccion_previa,CR 8 CL 18,direccion,cruce,CR 8 × CL 18,intersección,-73.244416,10.472792,,,
2025-11-16,B02,agente,V-PUEBLP NUEVO VALLEDUPAR-0-0-KM-113-0-0,gps,sin_punto,,dirección de tipo via_km,-73.259398,10.460472,,,
2025-11-25,C24,agente,CARRERA 9 # 6-6 VALLEDUPAR,gps,sin_punto,CR 9 × CL 6,no se cruzan (más cerca: 318 m),-73.262002,10.488633,,,
2025-12-03,C02,fotodeteccion_previa,CR 9 CL 19,direccion,cruce,CR 9 × CL 19,intersección,-73.244349,10.471651,,,
2025-12-18,C02,agente,CARRERA 7 # 18A- A 18A-101 VALLEDUPAR,direccion,domiciliaria_cuadra,CR 7 × CL 18 A,placa 101; sin cruce con CL 19 a ≤ 250 m; intersección,-73.242985,10.473277,92.0,,
2026-01-15,C02,fotodeteccion_previa,CR 13 CL 14,direccion,cruce,CR 13 × CL 14,intersección,-73.251547,10.474964,,,
2026-02-03,C02,agente,CALLE 16B CARRERA 7 VALLEDUPAR,direccion,cruce,CL 16 B × CR 7,intersección,-73.244524,10.475151,3283.0,,
2026-02-04,D03,agente,CALLE 20 # 14-55 MERCADO VALLEDUPAR,direccion,domiciliaria,CL 20 × CR 14,placa 55 m hacia CR 15 (cuadra de 129 m); intersección,-73.247635,10.465931,25.0,,
2026-02-14,D02,fotodeteccion_previa,CL 18 CR 7,direccion,cruce_hueco,CL 18 × CR 7,hueco de 42 m,-73.243464,10.473485,,,
2026-02-16,C24,agente,CARRERA 31 #20B-232 PUESTO DE CONTROL PARQUE VALLENATA VALLEDUPAR,direccion,domiciliaria,CR 31 × CL 20 B,placa 232 m hacia CL 21 (cuadra de 186 m); intersección,-73.263614,10.447332,37.0,,
2026-02-20,C02,fotodeteccion_previa,CR 16 CL 20,direccion,cruce_hueco,CR 16 × CL 20,hueco de 49 m,-73.246551,10.466313,,,
2026-02-27,C38,agente,CARRERA 9 # 3-2 VALLEDUPAR,direccion,domiciliaria_cuadra,CR 9 × CL 3,placa 2; sin cruce con CL 4 a ≤ 250 m; intersección,-73.265868,10.492012,246.0,,
2026-03-19,C02,fotodeteccion_previa,CL 14 CR 8,direccion,cruce,CL 14 × CR 8,intersección,-73.247687,10.477491,,,
2026-03-27,C02,agente,CALLE 16 CON 19 CENTRO COMERCIAL MEGA MALL VALLEDUPAR,direccion,cruce,CL 16 × CR 19,hueco de 3 m,-73.257052,10.46924,647.0,,
2026-03-30,C02,fotodeteccion_previa,CR 19 CL 9,direccion,cruce,CR 19 × CL 9,intersección,-73.260872,10.479396,,,
2026-04-01,D02,agente,CALLE 21 # 13-4 PUESTO DE CONTROL 21 MERCADO VALLEDUPAR,direccion,domiciliaria,CL 21 × CR 13,placa 4 m hacia CR 14 (cuadra de 81 m); intersección,-73.244798,10.464204,36.0,,
2026-04-02,B01,agente,CARRERA 4 # CARRERA 4 VALLEDUPAR,gps,sin_punto,CR 4 × CR 4,dirección de tipo paralelas,-73.268613,10.501258,,,
2026-04-07,C32,agente,CARRERA 19 CON TRES VALLEDUPAR,gps,sin_punto,CR 19,dirección de tipo via_sola,-73.262768,10.47109,,,
2026-05-10,C35,agente,TRANSVERSAL 19 B4 # 3-12 VALLEDUPAR,gps,sin_punto,TV 19 B,dirección de tipo via_sola,-73.267372,10.490227,,,
2026-05-17,C35,agente,V-PUEBLO NUEVO VALLEDUPAR -0-0-KM-113-0-0,gps,sin_punto,,dirección de tipo via_km,-73.259398,10.460472,,,
2026-05-23,C24,agente,CARRERA 19 # 28 VALLEDUPAR,direccion,domiciliaria,CR 19 × CL 28,placa 8 m hacia CL 29 (cuadra de 79 m); intersección,-73.250466,10.455777,4505.0,,
2026-06-02,C35,fotodeteccion_previa,CR 9 CL 15,direccion,cruce,CR 9 × CL 15,intersección,-73.247721,10.476018,,,
2026-06-05,C35,fotodeteccion_previa,CR 8 CL 18,direccion,cruce,CR 8 × CL 18,intersección,-73.244416,10.472792,,,
2026-06-21,B03,agente,CARRERA 35 A # 20K-18 VALLEDUPAR,direccion,domiciliaria_cuadra,CR 35 A × CL 20 K,placa 18; sin cruce con CL 21 a ≤ 250 m; hueco de 20 m,-73.270381,10.440337,465.0,,
2026-06-22,D01,agente,CARRERA 35 A # 20K-18 VALLEDUPAR,direccion,domiciliaria_cuadra,CR 35 A × CL 20 K,placa 18; sin cruce con CL 21 a ≤ 250 m; hueco de 20 m,-73.270381,10.440337,469.0,,
2026-06-24,B03,agente,CARRERA 38 # CARRERA 38 VALLEDUPAR,gps,sin_punto,CR 38 × CR 38,dirección de tipo paralelas,-73.27972,10.500019,,,
2026-06-27,C02,fotodeteccion_previa,CR 16 CL 20B,direccion,cruce,CR 16 × CL 20 B,hueco de 11 m,-73.246384,10.466128,,,
2026-07-22,C02,fotodeteccion_previa,CR 16 CL 20B,direccion,cruce,CR 16 × CL 20 B,hueco de 11 m,-73.246384,10.466128,,,
2026-08-15,C15,agente,CARRERA 4 # CARRERA 4 VALLEDUPAR,gps,sin_punto,CR 4 × CR 4,dirección de tipo paralelas,-73.267942,10.501083,,,
2026-08-19,C15,agente,CARRERA 9 # 13B-15 VALLEDUPAR,direccion,domiciliaria,CR 9 × CL 13 B,placa 15 m hacia CL 14 (cuadra de 194 m); intersección,-73.24947,10.478247,18.0,,
2026-09-02,C02,fotodeteccion_previa,CL 16B CR 7,direccion,cruce,CL 16 B × CR 7,intersección,-73.244524,10.475151,,,
