interseccion,dia,inicio,fin,plan
la-vina,lunes,00:00,05:30,P3
la-vina,lunes,05:30,11:30,P2
la-vina,lunes,11:30,13:30,P5
la-vina,lunes,13:30,17:00,P2
la-vina,lunes,17:00,20:00,P5
la-vina,lunes,20:00,24:00,P3
la-vina,martes,00:00,05:30,P3
la-vina,martes,05:30,11:30,P2
la-vina,martes,11:30,13:30,P5
la-vina,martes,13:30,17:00,P2
la-vina,martes,17:00,20:00,P5
la-vina,martes,20:00,24:00,P3
la-vina,miercoles,00:00,05:30,P3
la-vina,miercoles,05:30,11:30,P2
la-vina,miercoles,11:30,13:30,P5
la-vina,miercoles,13:30,17:00,P2
la-vina,miercoles,17:00,20:00,P5
la-vina,miercoles,20:00,24:00,P3
la-vina,jueves,00:00,05:30,P3
la-vina,jueves,05:30,11:30,P2
la-vina,jueves,11:30,13:30,P5
la-vina,jueves,13:30,17:00,P2
la-vina,jueves,17:00,20:00,P5
la-vina,jueves,20:00,24:00,P3
la-vina,viernes,00:00,05:30,P3
la-vina,viernes,05:30,11:30,P2
la-vina,viernes,11:30,13:30,P5
la-vina,viernes,13:30,17:00,P2
la-vina,viernes,17:00,20:00,P5
la-vina,viernes,20:00,24:00,P3
la-vina,sabado,00:00,05:30,P3
la-vina,sabado,05:30,11:30,P2
la-vina,sabado,11:30,13:30,P5
la-vina,sabado,13:30,17:00,P2
la-vina,sabado,17:00,20:00,P5
la-vina,sabado,20:00,24:00,P3
la-vina,domingo,00:00,05:30,P3
la-vina,domingo,05:30,20:00,P1
la-vina,domingo,20:00,24:00,P3
la-vina,festivo,00:00,05:30,P3
la-vina,festivo,05:30,20:00,P1
la-vina,festivo,20:00,24:00,P3
mercado,lunes,00:00,05:30,P3
mercado,lunes,05:30,17:00,P2
mercado,lunes,17:00,20:00,P5
mercado,lunes,20:00,24:00,P3
mercado,martes,00:00,05:30,P3
mercado,martes,05:30,17:00,P2
mercado,martes,17:00,20:00,P5
mercado,martes,20:00,24:00,P3
mercado,miercoles,00:00,05:30,P3
mercado,miercoles,05:30,17:00,P2
mercado,miercoles,17:00,20:00,P5
mercado,miercoles,20:00,24:00,P3
mercado,jueves,00:00,05:30,P3
mercado,jueves,05:30,17:00,P2
mercado,jueves,17:00,20:00,P5
mercado,jueves,20:00,24:00,P3
mercado,viernes,00:00,05:30,P3
mercado,viernes,05:30,17:00,P2
mercado,viernes,17:00,20:00,P5
mercado,viernes,20:00,24:00,P3
mercado,sabado,00:00,05:30,P3
mercado,sabado,05:30,17:00,P2
mercado,sabado,17:00,20:00,P5
mercado,sabado,20:00,24:00,P3
mercado,domingo,00:00,05:30,P3
mercado,domingo,05:30,16:00,P2
mercado,domingo,16:00,20:00,P5
mercado,domingo,20:00,24:00,P3
mercado,festivo,00:00,05:30,P3
mercado,festivo,05:30,16:00,P2
mercado,festivo,16:00,20:00,P5
mercado,festivo,20:00,24:00,P3
manguitos,lunes,00:00,05:30,P3
manguitos,lunes,05:30,11:30,P2
manguitos,lunes,11:30,13:30,P5
manguitos,lunes,13:30,17:00,P2
manguitos,lunes,17:00,20:00,P5
manguitos,lunes,20:00,24:00,P1
manguitos,martes,00:00,05:30,P3
manguitos,martes,05:30,11:30,P2
manguitos,martes,11:30,13:30,P5
manguitos,martes,13:30,17:00,P2
manguitos,martes,17:00,20:00,P5
manguitos,martes,20:00,24:00,P1
manguitos,miercoles,00:00,05:30,P3
manguitos,miercoles,05:30,11:30,P2
manguitos,miercoles,11:30,13:30,P5
manguitos,miercoles,13:30,17:00,P2
manguitos,miercoles,17:00,20:00,P5
manguitos,miercoles,20:00,24:00,P1
manguitos,jueves,00:00,05:30,P3
manguitos,jueves,05:30,11:30,P2
manguitos,jueves,11:30,13:30,P5
manguitos,jueves,13:30,17:00,P2
manguitos,jueves,17:00,20:00,P5
manguitos,jueves,20:00,24:00,P1
manguitos,viernes,00:00,05:30,P3
manguitos,viernes,05:30,11:30,P2
manguitos,viernes,11:30,13:30,P5
manguitos,viernes,13:30,17:00,P2
manguitos,viernes,17:00,20:00,P5
manguitos,viernes,20:00,24:00,P1
manguitos,sabado,00:00,05:30,P3
manguitos,sabado,05:30,11:30,P2
manguitos,sabado,11:30,13:30,P5
manguitos,sabado,13:30,17:00,P2
manguitos,sabado,17:00,20:00,P5
manguitos,sabado,20:00,24:00,P1
manguitos,domingo,00:00,05:30,P3
manguitos,domingo,05:30,16:00,P2
manguitos,domingo,16:00,20:00,P5
manguitos,domingo,20:00,24:00,P1
manguitos,festivo,00:00,05:30,P3
manguitos,festivo,05:30,16:00,P2
manguitos,festivo,16:00,20:00,P5
manguitos,festivo,20:00,24:00,P1
loperena,lunes,00:00,05:30,P4
loperena,lunes,05:30,11:30,P2
loperena,lunes,11:30,13:30,P5
loperena,lunes,13:30,17:00,P2
loperena,lunes,17:00,20:00,P5
loperena,lunes,20:00,24:00,P4
loperena,martes,00:00,05:30,P4
loperena,martes,05:30,11:30,P2
loperena,martes,11:30,13:30,P5
loperena,martes,13:30,17:00,P2
loperena,martes,17:00,20:00,P5
loperena,martes,20:00,24:00,P4
loperena,miercoles,00:00,05:30,P4
loperena,miercoles,05:30,11:30,P2
loperena,miercoles,11:30,13:30,P5
loperena,miercoles,13:30,17:00,P2
loperena,miercoles,17:00,20:00,P5
loperena,miercoles,20:00,24:00,P4
loperena,jueves,00:00,05:30,P4
loperena,jueves,05:30,11:30,P2
loperena,jueves,11:30,13:30,P5
loperena,jueves,13:30,17:00,P2
loperena,jueves,17:00,20:00,P5
loperena,jueves,20:00,24:00,P4
loperena,viernes,00:00,05:30,P4
loperena,viernes,05:30,11:30,P2
loperena,viernes,11:30,13:30,P5
loperena,viernes,13:30,17:00,P2
loperena,viernes,17:00,20:00,P5
loperena,viernes,20:00,24:00,P4
loperena,sabado,00:00,05:30,P4
loperena,sabado,05:30,11:30,P2
loperena,sabado,11:30,13:30,P5
loperena,sabado,13:30,17:00,P2
loperena,sabado,17:00,20:00,P5
loperena,sabado,20:00,24:00,P4
loperena,domingo,00:00,05:30,P4
loperena,domingo,05:30,16:00,P2
loperena,domingo,16:00,20:00,P5
loperena,domingo,20:00,24:00,P4
loperena,festivo,00:00,05:30,P4
loperena,festivo,05:30,16:00,P2
loperena,festivo,16:00,20:00,P5
loperena,festivo,20:00,24:00,P4
area-andina,lunes,00:00,05:30,P4
area-andina,lunes,05:30,11:00,P2
area-andina,lunes,11:00,13:30,P5
area-andina,lunes,13:30,17:00,P2
area-andina,lunes,17:00,21:00,P5
area-andina,lunes,21:00,24:00,P1
area-andina,martes,00:00,05:30,P4
area-andina,martes,05:30,11:00,P2
area-andina,martes,11:00,13:30,P5
area-andina,martes,13:30,17:00,P2
area-andina,martes,17:00,21:00,P5
area-andina,martes,21:00,24:00,P1
area-andina,miercoles,00:00,05:30,P4
area-andina,miercoles,05:30,11:00,P2
area-andina,miercoles,11:00,13:30,P5
area-andina,miercoles,13:30,17:00,P2
area-andina,miercoles,17:00,21:00,P5
area-andina,miercoles,21:00,24:00,P1
area-andina,jueves,00:00,05:30,P4
area-andina,jueves,05:30,11:00,P2
area-andina,jueves,11:00,13:30,P5
area-andina,jueves,13:30,17:00,P2
area-andina,jueves,17:00,21:00,P5
area-andina,jueves,21:00,24:00,P1
area-andina,viernes,00:00,05:30,P4
area-andina,viernes,05:30,11:00,P2
area-andina,viernes,11:00,13:30,P5
area-andina,viernes,13:30,17:00,P2
area-andina,viernes,17:00,21:00,P5
area-andina,viernes,21:00,24:00,P1
area-andina,sabado,00:00,05:30,P4
area-andina,sabado,05:30,11:00,P2
area-andina,sabado,11:00,13:30,P5
area-andina,sabado,13:30,17:00,P2
area-andina,sabado,17:00,21:00,P5
area-andina,sabado,21:00,24:00,P1
area-andina,domingo,00:00,05:30,P4
area-andina,domingo,05:30,16:00,P2
area-andina,domingo,16:00,21:00,P5
area-andina,domingo,21:00,24:00,P1
area-andina,festivo,00:00,05:30,P4
area-andina,festivo,05:30,16:00,P2
area-andina,festivo,16:00,21:00,P5
area-andina,festivo,21:00,24:00,P1
