interseccion,grupo,nombre,tipo,codigo,movimiento,acceso,sale_por,brazo,mitad,via,confianza,evidencia,validado,observacion
la-vina,G1,Flujo 2,vehicular,2,directo desde el sur (sale al norte),sur,norte,sur,,KR 9,alta,Nombre «Flujo 2» = movimiento 2 (codificación SDM); la cámara EQUIPO051 vigila el tránsito que entra desde el sur (la misma cámara orienta el cruce: no es evidencia independiente del acceso); en OSM ese brazo es de un solo sentido y entra al cruce,,
la-vina,G2,Flujo 4,vehicular,4,directo desde el este (sale al oeste),este,oeste,este,,CL 17,alta,Nombre «Flujo 4» = movimiento 4 (codificación SDM); la cámara EQUIPO052 vigila el tránsito que entra desde el este (la misma cámara orienta el cruce: no es evidencia independiente del acceso); en OSM ese brazo es de un solo sentido y entra al cruce,,
la-vina,G3,Peatonal 22,peatonal,22,cruce 22: mitad de entrada del brazo sur,,,sur,entrada,KR 9,media,Nombre «Peatonal 22» = cruce 22 (codificación SDM): mitad de entrada del brazo sur,,
la-vina,G4,Peatonal 24,peatonal,24,cruce 24: mitad de entrada del brazo este,,,este,entrada,CL 17,media,Nombre «Peatonal 24» = cruce 24 (codificación SDM): mitad de entrada del brazo este,,
mercado,G1,Flujo 1,vehicular,1,directo desde el norte (sale al sur),norte,sur,norte,,sin nombre,alta,Nombre «Flujo 1» = movimiento 1 (codificación SDM); la cámara EQUIPO032 vigila el tránsito que entra desde el norte (la misma cámara orienta el cruce: no es evidencia independiente del acceso); en OSM ese brazo es de un solo sentido y entra al cruce,,
mercado,G2,Flujo 2,vehicular,2,directo desde el sur (sale al norte),sur,norte,sur,,KR 16,media,Nombre «Flujo 2» = movimiento 2 (codificación SDM); en OSM ese brazo es de un solo sentido y entra al cruce,,
mercado,G3,Flujo 3,vehicular,3,directo desde el oeste (sale al este),oeste,este,oeste,,CL 21,alta,Nombre «Flujo 3» = movimiento 3 (codificación SDM); la cámara EQUIPO031 vigila el tránsito que entra desde el oeste (la misma cámara orienta el cruce: no es evidencia independiente del acceso); en OSM ese brazo es de un solo sentido y entra al cruce,,
mercado,G4,Flujo 4,vehicular,4,directo desde el este (sale al oeste),este,oeste,este,,CL 21,media,Nombre «Flujo 4» = movimiento 4 (codificación SDM); en OSM ese brazo es de un solo sentido y entra al cruce,,
mercado,G5,Peatonal 21,peatonal,21,cruce 21: mitad de entrada del brazo norte,,,norte,entrada,sin nombre,media,Nombre «Peatonal 21» = cruce 21 (codificación SDM): mitad de entrada del brazo norte,,
mercado,G6,Peatonal 22,peatonal,22,cruce 22: mitad de entrada del brazo sur,,,sur,entrada,KR 16,media,Nombre «Peatonal 22» = cruce 22 (codificación SDM): mitad de entrada del brazo sur,,
mercado,G7,Peatonal 24,peatonal,24,cruce 24: mitad de entrada del brazo este,,,este,entrada,CL 21,media,Nombre «Peatonal 24» = cruce 24 (codificación SDM): mitad de entrada del brazo este,,
manguitos,G1,Flujo 1,vehicular,1,desde el norte: directo (sale al sur) y giro a la derecha (sale al oeste),norte,"sur, oeste",norte,,DG 21,media,Corrección de campo de Santiago; pendiente de su revisión,,
manguitos,G2,Flujo 2,vehicular,2,desde el sur: directo (sale al norte) y giro a la izquierda (sale al oeste),sur,"norte, oeste",sur,,DG 21,media,Corrección de campo de Santiago; pendiente de su revisión,,
manguitos,G3,Flujo 3,vehicular,3,desde el oeste: giro a la derecha (sale al sur) y giro a la izquierda (sale al norte),oeste,"sur, norte",oeste,,KR 19,media,Corrección de campo de Santiago; pendiente de su revisión,,
manguitos,G4,Flujo 4,vehicular,4,desde el este: giro a la derecha (sale al norte) y giro a la izquierda (sale al sur),este,"norte, sur",este,,CL 21,media,Corrección de campo de Santiago; pendiente de su revisión,,
manguitos,G5,Flecha,flecha,,giro a la derecha desde el norte (sale al oeste),norte,oeste,norte,,DG 21,baja,Compatible solo con giros que no cruzan a sus amigos; arranca con el acceso norte en 4 de 4 planes. Alternativas: giro a la derecha desde el este (sale al norte). POR CONFIRMAR.,,
loperena,G1,Flujo 1,vehicular,1,directo desde el norte (sale al sur),norte,sur,norte,,KR 12,media,Nombre «Flujo 1» = movimiento 1 (codificación SDM); en OSM ese brazo es de un solo sentido y entra al cruce,,
loperena,G2,Flujo 2,vehicular,2,directo desde el sur (sale al norte),sur,norte,sur,,KR 12,alta,Nombre «Flujo 2» = movimiento 2 (codificación SDM); la cámara EQUIPO042 vigila el tránsito que entra desde el sur (la misma cámara orienta el cruce: no es evidencia independiente del acceso); en OSM ese brazo es de un solo sentido y entra al cruce,,
loperena,G3,Flujo 3,vehicular,3,directo desde el oeste (sale al este),oeste,este,oeste,,DG 21,alta,Nombre «Flujo 3» = movimiento 3 (codificación SDM); la cámara EQUIPO041 vigila el tránsito que entra desde el oeste (la misma cámara orienta el cruce: no es evidencia independiente del acceso); en OSM ese brazo es de un solo sentido y entra al cruce,,
loperena,G4,Peatonal 21,peatonal,21,cruce 21: mitad de entrada del brazo norte,,,norte,entrada,KR 12,media,Nombre «Peatonal 21» = cruce 21 (codificación SDM): mitad de entrada del brazo norte,,
loperena,G5,Peatonal 22,peatonal,22,cruce 22: mitad de entrada del brazo sur,,,sur,entrada,KR 12,media,Nombre «Peatonal 22» = cruce 22 (codificación SDM): mitad de entrada del brazo sur,,
loperena,G6,Peatonal 23,peatonal,23,cruce 23: mitad de entrada del brazo oeste,,,oeste,entrada,DG 21,media,Nombre «Peatonal 23» = cruce 23 (codificación SDM): mitad de entrada del brazo oeste,,
loperena,G7,Peatonal 34,peatonal,34,cruce 34: mitad de salida del brazo oeste,,,oeste,salida,DG 21,media,Nombre «Peatonal 34» = cruce 34 (codificación SDM): mitad de salida del brazo oeste,,
area-andina,G1,Flujo 1,vehicular,1,directo desde el norte (sale al sur),norte,sur,norte,,KR 23,media,Nombre «Flujo 1» = movimiento 1 (codificación SDM); en OSM ese brazo es de un solo sentido y entra al cruce,,
area-andina,G2,Flujo 2,vehicular,2,directo desde el sur (sale al norte),sur,norte,sur,,KR 23,media,Nombre «Flujo 2» = movimiento 2 (codificación SDM); en OSM ese brazo es de un solo sentido y entra al cruce,,
area-andina,G3,Flujo 3,vehicular,3,directo desde el oeste (sale al este),oeste,este,oeste,,CL 6,alta,Nombre «Flujo 3» = movimiento 3 (codificación SDM); la cámara EQUIPO071 vigila el tránsito que entra desde el oeste (la misma cámara orienta el cruce: no es evidencia independiente del acceso),,
area-andina,G4,Peatonal 22,peatonal,22,cruce 22: mitad de entrada del brazo sur,,,sur,entrada,KR 23,media,Nombre «Peatonal 22» = cruce 22 (codificación SDM): mitad de entrada del brazo sur,,
area-andina,G5,Peatonal 23,peatonal,23,cruce 23: mitad de entrada del brazo oeste,,,oeste,entrada,CL 6,media,Nombre «Peatonal 23» = cruce 23 (codificación SDM): mitad de entrada del brazo oeste,,
area-andina,G6,Peatonal 31,peatonal,31,cruce 31: mitad de salida del brazo sur,,,sur,salida,KR 23,media,Nombre «Peatonal 31» = cruce 31 (codificación SDM): mitad de salida del brazo sur,,
