interseccion,grupo_i,grupo_j,amigos,fraccion_verde
la-vina,G1,G1,True,1.0
la-vina,G1,G2,False,0.0
la-vina,G1,G3,False,0.0
la-vina,G1,G4,True,1.0
la-vina,G2,G1,False,0.0
la-vina,G2,G2,True,1.0
la-vina,G2,G3,True,1.0
la-vina,G2,G4,False,0.0
la-vina,G3,G1,False,0.0
la-vina,G3,G2,True,1.0
la-vina,G3,G3,True,1.0
la-vina,G3,G4,False,0.0
la-vina,G4,G1,True,1.0
la-vina,G4,G2,False,0.0
la-vina,G4,G3,False,0.0
la-vina,G4,G4,True,1.0
mercado,G1,G1,True,1.0
mercado,G1,G2,True,1.0
mercado,G1,G3,False,0.0
mercado,G1,G4,False,0.0
mercado,G1,G5,False,0.0
mercado,G1,G6,True,1.0
mercado,G1,G7,True,1.0
mercado,G2,G1,True,1.0
mercado,G2,G2,True,1.0
mercado,G2,G3,False,0.0
mercado,G2,G4,False,0.0
mercado,G2,G5,False,0.0
mercado,G2,G6,True,1.0
mercado,G2,G7,True,1.0
mercado,G3,G1,False,0.0
mercado,G3,G2,False,0.0
mercado,G3,G3,True,1.0
mercado,G3,G4,False,0.0
mercado,G3,G5,True,1.0
mercado,G3,G6,True,1.0
mercado,G3,G7,True,1.0
mercado,G4,G1,False,0.0
mercado,G4,G2,False,0.0
mercado,G4,G3,False,0.0
mercado,G4,G4,True,1.0
mercado,G4,G5,True,1.0
mercado,G4,G6,True,1.0
mercado,G4,G7,False,0.0
mercado,G5,G1,False,0.0
mercado,G5,G2,False,0.0
mercado,G5,G3,True,1.0
mercado,G5,G4,True,1.0
mercado,G5,G5,True,1.0
mercado,G5,G6,True,1.0
mercado,G5,G7,True,1.0
mercado,G6,G1,True,1.0
mercado,G6,G2,True,1.0
mercado,G6,G3,True,1.0
mercado,G6,G4,True,1.0
mercado,G6,G5,True,1.0
mercado,G6,G6,True,1.0
mercado,G6,G7,True,1.0
mercado,G7,G1,True,1.0
mercado,G7,G2,True,1.0
mercado,G7,G3,True,1.0
mercado,G7,G4,False,0.0
mercado,G7,G5,True,1.0
mercado,G7,G6,True,1.0
mercado,G7,G7,True,1.0
manguitos,G1,G1,True,1.0
manguitos,G1,G2,False,0.0
manguitos,G1,G3,False,0.0
manguitos,G1,G4,False,0.0
manguitos,G1,G5,True,1.0
manguitos,G2,G1,False,0.0
manguitos,G2,G2,True,1.0
manguitos,G2,G3,False,0.0
manguitos,G2,G4,False,0.0
manguitos,G2,G5,False,0.0
manguitos,G3,G1,False,0.0
manguitos,G3,G2,False,0.0
manguitos,G3,G3,True,1.0
manguitos,G3,G4,False,0.0
manguitos,G3,G5,True,1.0
manguitos,G4,G1,False,0.0
manguitos,G4,G2,False,0.0
manguitos,G4,G3,False,0.0
manguitos,G4,G4,True,1.0
manguitos,G4,G5,False,0.0
manguitos,G5,G1,True,1.0
manguitos,G5,G2,False,0.0
manguitos,G5,G3,True,1.0
manguitos,G5,G4,False,0.0
manguitos,G5,G5,True,1.0
loperena,G1,G1,True,1.0
loperena,G1,G2,False,0.0
loperena,G1,G3,False,0.0
loperena,G1,G4,False,0.0
loperena,G1,G5,False,0.0
loperena,G1,G6,False,0.0
loperena,G1,G7,False,0.0
loperena,G2,G1,False,0.0
loperena,G2,G2,True,1.0
loperena,G2,G3,False,0.0
loperena,G2,G4,False,0.0
loperena,G2,G5,False,0.0
loperena,G2,G6,False,0.0
loperena,G2,G7,False,0.0
loperena,G3,G1,False,0.0
loperena,G3,G2,False,0.0
loperena,G3,G3,True,1.0
loperena,G3,G4,False,0.0
loperena,G3,G5,False,0.0
loperena,G3,G6,False,0.0
loperena,G3,G7,False,0.0
loperena,G4,G1,False,0.0
loperena,G4,G2,False,0.0
loperena,G4,G3,False,0.0
loperena,G4,G4,True,1.0
loperena,G4,G5,True,1.0
loperena,G4,G6,True,1.0
loperena,G4,G7,True,1.0
loperena,G5,G1,False,0.0
loperena,G5,G2,False,0.0
loperena,G5,G3,False,0.0
loperena,G5,G4,True,1.0
loperena,G5,G5,True,1.0
loperena,G5,G6,True,1.0
loperena,G5,G7,True,1.0
loperena,G6,G1,False,0.0
loperena,G6,G2,False,0.0
loperena,G6,G3,False,0.0
loperena,G6,G4,True,1.0
loperena,G6,G5,True,1.0
loperena,G6,G6,True,1.0
loperena,G6,G7,True,1.0
loperena,G7,G1,False,0.0
loperena,G7,G2,False,0.0
loperena,G7,G3,False,0.0
loperena,G7,G4,True,1.0
loperena,G7,G5,True,1.0
loperena,G7,G6,True,1.0
loperena,G7,G7,True,1.0
area-andina,G1,G1,True,1.0
area-andina,G1,G2,False,0.0
area-andina,G1,G3,False,0.0
area-andina,G1,G4,True,1.0
area-andina,G1,G5,False,0.0
area-andina,G1,G6,False,0.0
area-andina,G2,G1,False,0.0
area-andina,G2,G2,True,1.0
area-andina,G2,G3,False,0.0
area-andina,G2,G4,False,0.0
area-andina,G2,G5,False,0.0
area-andina,G2,G6,True,1.0
area-andina,G3,G1,False,0.0
area-andina,G3,G2,False,0.0
area-andina,G3,G3,True,1.0
area-andina,G3,G4,True,1.0
area-andina,G3,G5,False,0.0
area-andina,G3,G6,False,0.0
area-andina,G4,G1,True,1.0
area-andina,G4,G2,False,0.0
area-andina,G4,G3,True,1.0
area-andina,G4,G4,True,1.0
area-andina,G4,G5,True,1.0
area-andina,G4,G6,True,1.0
area-andina,G5,G1,False,0.0
area-andina,G5,G2,False,0.0
area-andina,G5,G3,False,0.0
area-andina,G5,G4,True,1.0
area-andina,G5,G5,True,1.0
area-andina,G5,G6,True,1.0
area-andina,G6,G1,False,0.0
area-andina,G6,G2,True,1.0
area-andina,G6,G3,False,0.0
area-andina,G6,G4,True,1.0
area-andina,G6,G5,True,1.0
area-andina,G6,G6,True,1.0
