interseccion,plan,ciclo,pagina,grupo,nombre,tipo,tira,tiv,tfv,tfa,verde_s
la-vina,P1,85,6,G1,Flujo 2,vehicular,58.0,60,11,14,36
la-vina,P1,85,6,G2,Flujo 4,vehicular,15.0,17,54,57,37
la-vina,P1,85,6,G3,Peatonal 22,peatonal,,17,53,54,36
la-vina,P1,85,6,G4,Peatonal 24,peatonal,,60,10,11,35
la-vina,P2,100,3,G1,Flujo 2,vehicular,25.0,27,72,75,45
la-vina,P2,100,3,G2,Flujo 4,vehicular,78.0,80,20,23,40
la-vina,P2,100,3,G3,Peatonal 22,peatonal,,80,19,20,39
la-vina,P2,100,3,G4,Peatonal 24,peatonal,,27,71,72,44
la-vina,P3,30,5,G1,Flujo 2,vehicular,15.0,17,27,30,10
la-vina,P3,30,5,G2,Flujo 4,vehicular,0.0,2,12,15,10
la-vina,P3,30,5,G3,Peatonal 22,peatonal,,2,10,11,8
la-vina,P3,30,5,G4,Peatonal 24,peatonal,,18,26,27,8
la-vina,P5,100,4,G1,Flujo 2,vehicular,,2,44,47,42
la-vina,P5,100,4,G2,Flujo 4,vehicular,48.0,50,95,98,45
la-vina,P5,100,4,G3,Peatonal 22,peatonal,,50,94,95,44
la-vina,P5,100,4,G4,Peatonal 24,peatonal,,2,42,43,40
mercado,P1,85,3,G1,Flujo 1,vehicular,80.0,82,15,18,18
mercado,P1,85,3,G2,Flujo 2,vehicular,37.0,39,55,58,16
mercado,P1,85,3,G3,Flujo 3,vehicular,58.0,60,77,80,17
mercado,P1,85,3,G4,Flujo 4,vehicular,18.0,20,34,37,14
mercado,P1,85,3,G5,Peatonal 21,peatonal,,19,35,36,16
mercado,P1,85,3,G6,Peatonal 22,peatonal,,60,77,78,17
mercado,P1,85,3,G7,Peatonal 24,peatonal,,39,55,56,16
mercado,P2,110,4,G1,Flujo 1,vehicular,65.0,67,94,97,27
mercado,P2,110,4,G2,Flujo 2,vehicular,10.0,12,32,35,20
mercado,P2,110,4,G3,Flujo 3,vehicular,35.0,37,62,65,25
mercado,P2,110,4,G4,Flujo 4,vehicular,97.0,99,7,10,18
mercado,P2,110,4,G5,Peatonal 21,peatonal,,100,6,7,16
mercado,P2,110,4,G6,Peatonal 22,peatonal,,38,60,61,22
mercado,P2,110,4,G7,Peatonal 24,peatonal,,11,30,31,19
mercado,P3,55,6,G1,Flujo 1,vehicular,0.0,2,12,15,10
mercado,P3,55,6,G2,Flujo 2,vehicular,28.0,30,38,41,8
mercado,P3,55,6,G3,Flujo 3,vehicular,41.0,43,52,55,9
mercado,P3,55,6,G4,Flujo 4,vehicular,15.0,17,25,28,8
mercado,P3,55,6,G5,Peatonal 21,peatonal,,17,24,25,7
mercado,P3,55,6,G6,Peatonal 22,peatonal,,44,50,51,6
mercado,P3,55,6,G7,Peatonal 24,peatonal,,30,38,39,8
mercado,P5,100,5,G1,Flujo 1,vehicular,39.0,41,61,64,20
mercado,P5,100,5,G2,Flujo 2,vehicular,89.0,91,11,14,20
mercado,P5,100,5,G3,Flujo 3,vehicular,14.0,16,36,39,20
mercado,P5,100,5,G4,Flujo 4,vehicular,64.0,66,85,88,19
mercado,P5,100,5,G5,Peatonal 21,peatonal,,66,86,87,20
mercado,P5,100,5,G6,Peatonal 22,peatonal,,15,35,36,20
mercado,P5,100,5,G7,Peatonal 24,peatonal,,90,10,11,20
manguitos,P1,75,3,G1,Flujo 1,vehicular,38.0,40,50,53,10
manguitos,P1,75,3,G2,Flujo 2,vehicular,17.0,19,29,32,10
manguitos,P1,75,3,G3,Flujo 3,vehicular,54.0,56,71,74,15
manguitos,P1,75,3,G4,Flujo 4,vehicular,0.0,2,14,17,12
manguitos,P1,75,3,G5,Flecha,flecha,38.0,40,72,75,32
manguitos,P2,110,4,G1,Flujo 1,vehicular,90.0,92,106,109,14
manguitos,P2,110,4,G2,Flujo 2,vehicular,57.0,59,79,82,20
manguitos,P2,110,4,G3,Flujo 3,vehicular,0.0,2,32,35,30
manguitos,P2,110,4,G4,Flujo 4,vehicular,36.0,38,55,58,17
manguitos,P2,110,4,G5,Flecha,flecha,90.0,92,32,35,50
manguitos,P3,65,5,G1,Flujo 1,vehicular,35.0,37,45,48,8
manguitos,P3,65,5,G2,Flujo 2,vehicular,15.0,17,25,28,8
manguitos,P3,65,5,G3,Flujo 3,vehicular,48.0,50,62,65,12
manguitos,P3,65,5,G4,Flujo 4,vehicular,0.0,2,12,15,10
manguitos,P3,65,5,G5,Flecha,flecha,35.0,37,62,65,25
manguitos,P5,110,6,G1,Flujo 1,vehicular,89.0,91,106,109,15
manguitos,P5,110,6,G2,Flujo 2,vehicular,58.0,60,78,81,18
manguitos,P5,110,6,G3,Flujo 3,vehicular,0.0,2,28,31,26
manguitos,P5,110,6,G4,Flujo 4,vehicular,32.0,34,56,59,22
manguitos,P5,110,6,G5,Flecha,flecha,89.0,91,28,31,47
loperena,P1,85,4,G1,Flujo 1,vehicular,48.0,50,67,70,17
loperena,P1,85,4,G2,Flujo 2,vehicular,70.0,72,3,6,16
loperena,P1,85,4,G3,Flujo 3,vehicular,6.0,8,33,36,25
loperena,P1,85,4,G4,Peatonal 21,peatonal,,37,46,47,9
loperena,P1,85,4,G5,Peatonal 22,peatonal,,37,46,47,9
loperena,P1,85,4,G6,Peatonal 23,peatonal,,37,46,47,9
loperena,P1,85,4,G7,Peatonal 34,peatonal,,37,46,47,9
loperena,P2,100,5,G1,Flujo 1,vehicular,41.0,43,65,68,22
loperena,P2,100,5,G2,Flujo 2,vehicular,68.0,70,95,98,25
loperena,P2,100,5,G3,Flujo 3,vehicular,98.0,0,27,30,27
loperena,P2,100,5,G4,Peatonal 21,peatonal,,31,40,41,9
loperena,P2,100,5,G5,Peatonal 22,peatonal,,31,40,41,9
loperena,P2,100,5,G6,Peatonal 23,peatonal,,31,40,41,9
loperena,P2,100,5,G7,Peatonal 34,peatonal,,31,40,41,9
loperena,P4,50,6,G1,Flujo 1,vehicular,36.0,38,47,50,9
loperena,P4,50,6,G2,Flujo 2,vehicular,0.0,2,12,15,10
loperena,P4,50,6,G3,Flujo 3,vehicular,15.0,17,27,30,10
loperena,P4,50,6,G4,Peatonal 21,peatonal,,31,35,36,4
loperena,P4,50,6,G5,Peatonal 22,peatonal,,31,35,36,4
loperena,P4,50,6,G6,Peatonal 23,peatonal,,31,35,36,4
loperena,P4,50,6,G7,Peatonal 34,peatonal,,31,35,36,4
loperena,P5,100,3,G1,Flujo 1,vehicular,35.0,37,57,60,20
loperena,P5,100,3,G2,Flujo 2,vehicular,60.0,62,91,94,29
loperena,P5,100,3,G3,Flujo 3,vehicular,94.0,96,22,25,26
loperena,P5,100,3,G4,Peatonal 21,peatonal,,25,34,35,9
loperena,P5,100,3,G5,Peatonal 22,peatonal,,26,34,35,8
loperena,P5,100,3,G6,Peatonal 23,peatonal,,25,34,35,9
loperena,P5,100,3,G7,Peatonal 34,peatonal,,26,34,35,8
area-andina,P1,90,3,G1,Flujo 1,vehicular,64.0,66,87,90,21
area-andina,P1,90,3,G2,Flujo 2,vehicular,8.0,10,35,38,25
area-andina,P1,90,3,G3,Flujo 3,vehicular,39.0,41,61,64,20
area-andina,P1,90,3,G4,Peatonal 22,peatonal,,42,4,5,52
area-andina,P1,90,3,G5,Peatonal 23,peatonal,,0,7,8,7
area-andina,P1,90,3,G6,Peatonal 31,peatonal,,0,34,35,34
area-andina,P2,105,4,G1,Flujo 1,vehicular,72.0,74,99,102,25
area-andina,P2,105,4,G2,Flujo 2,vehicular,5.0,7,35,38,28
area-andina,P2,105,4,G3,Flujo 3,vehicular,39.0,41,69,72,28
area-andina,P2,105,4,G4,Peatonal 22,peatonal,,41,3,4,67
area-andina,P2,105,4,G5,Peatonal 23,peatonal,,102,3,4,6
area-andina,P2,105,4,G6,Peatonal 31,peatonal,,102,34,35,37
area-andina,P4,75,5,G1,Flujo 1,vehicular,50.0,52,72,75,20
area-andina,P4,75,5,G2,Flujo 2,vehicular,6.0,8,28,31,20
area-andina,P4,75,5,G3,Flujo 3,vehicular,32.0,34,47,50,13
area-andina,P4,75,5,G4,Peatonal 22,peatonal,,34,2,3,43
area-andina,P4,75,5,G5,Peatonal 23,peatonal,,0,5,6,5
area-andina,P4,75,5,G6,Peatonal 31,peatonal,,0,27,28,27
area-andina,P5,105,6,G1,Flujo 1,vehicular,78.0,80,102,105,22
area-andina,P5,105,6,G2,Flujo 2,vehicular,8.0,10,44,47,34
area-andina,P5,105,6,G3,Flujo 3,vehicular,48.0,50,75,78,25
area-andina,P5,105,6,G4,Peatonal 22,peatonal,,50,4,5,59
area-andina,P5,105,6,G5,Peatonal 23,peatonal,,0,7,8,7
area-andina,P5,105,6,G6,Peatonal 31,peatonal,,2,43,44,41
