equipos,codrot,fecha,gravedad,cantidad_muertos,cantidad_heridos,fuente,direccion,posible_gemelo,base
"EQUIPO021, EQUIPO022",20001_NO IPAT_1_2023,2023-08-28,Con Muertos,1,0,Reporte Siniestro STTV,CARRERA 19 DIAGONAL 21,,False
"EQUIPO031, EQUIPO032",20001_GEOPORTAL_69834,2024-01-25,Con Muertos,1,0,Geoportal ANSV,,,True
EQUIPO071,20001_1396849,2024-09-09,Con Heridos,0,1,Reporte Siniestro STTV,CARRERA 23 CALLE 6 CALLEJAS ,,True
EQUIPO032,20001_2025_DECESO CLINICO CLINICO 14,2025-01-14,Con Muertos,1,0,Deceso clínico,CALLE 22 CON AVENIDA PASTRANA ,,True
"EQUIPO031, EQUIPO032",20001_1396898,2025-06-01,Con Heridos,0,2,Reporte Siniestro STTV,CARRERA 12 CON CALLE 21 LA GRANJA ,"20001_2025_DECESO CLINICO CLINICO 7 (Deceso clínico, 01/06/2025, m 1 h 0)",True
"EQUIPO031, EQUIPO032",20001_2025_DECESO CLINICO CLINICO 7,2025-06-01,Con Muertos,1,0,Deceso clínico,CARRERA 12 CON CALLE 21 BARRIO LA GRANJA,"20001_1396898 (Reporte Siniestro STTV, 01/06/2025, m 0 h 2)",True
EQUIPO051,20001_1396923,2025-11-02,Con Heridos,0,3,Reporte Siniestro STTV,CARRERA 9 CON CALLE 18,,True
EQUIPO032,{E839B981-10B1-45CF-892A-EC61609E3BB2},2026-06-26,Con Heridos,0,1,Reporte Siniestro STTV,Calle 22 con carrera 16 B/Simón Bolívar Av Pastrana,"{85BEC3D3-DBE7-4272-8B8E-6588D599D0B2} (Reporte Siniestro STTV, 27/06/2026, m 0 h 2)",True
"EQUIPO031, EQUIPO032",{85BEC3D3-DBE7-4272-8B8E-6588D599D0B2},2026-06-27,Con Heridos,0,2,Reporte Siniestro STTV,Calle 21 con carrera 16,"{E839B981-10B1-45CF-892A-EC61609E3BB2} (Reporte Siniestro STTV, 26/06/2026, m 0 h 1)",True
EQUIPO032,{80D3CB19-1C2B-4E62-8613-E344CC2F7E3C},2026-07-17,Con Heridos,0,1,Reporte Siniestro STTV,Calle 22 con carrera 16 ,,True
EQUIPO041,{1881E171-3ED8-42F7-8F6A-AEB92C9CD206},2026-08-19,Con Heridos,0,1,Reporte Siniestro STTV,Diagonal 16 con 16 - 46,,True
