siniestros,con_victimas,fallecidos,lesionados,mes
12,12,6,10,2023-01
10,10,4,9,2023-02
3,3,2,0,2023-03
2,2,3,0,2023-04
11,11,6,9,2023-05
11,11,10,4,2023-06
8,8,1,17,2023-07
7,7,5,6,2023-08
9,9,7,8,2023-09
6,6,3,11,2023-10
7,7,5,6,2023-11
8,8,6,4,2023-12
15,15,10,13,2024-01
8,8,4,7,2024-02
13,13,12,15,2024-03
5,5,5,3,2024-04
11,11,7,4,2024-05
11,11,6,15,2024-06
6,6,1,9,2024-07
5,5,3,6,2024-08
6,6,3,4,2024-09
8,8,3,11,2024-10
3,3,1,2,2024-11
10,10,7,10,2024-12
8,8,6,3,2025-01
8,8,6,4,2025-02
10,10,10,4,2025-03
21,21,9,20,2025-04
11,11,6,12,2025-05
9,9,6,7,2025-06
8,8,6,4,2025-07
17,17,9,9,2025-08
13,13,9,6,2025-09
8,8,5,3,2025-10
15,15,4,17,2025-11
13,13,8,13,2025-12
7,7,7,2,2026-01
30,30,10,34,2026-02
14,14,8,12,2026-03
20,20,7,24,2026-04
31,31,5,38,2026-05
30,30,7,39,2026-06
30,30,5,50,2026-07
28,28,7,39,2026-08
27,26,7,23,2026-09
