codrot,fecha,cantidad_muertos,v_muertos,cantidad_heridos,v_heridos,fuente
20001_1396898,2025-06-01,1,0,1,2,Reporte Siniestro STTV
20001_1396909,2025-08-20,0,0,1,0,Reporte Siniestro STTV
{12C25EA6-C91A-40D0-81BB-8FC8A504CEC8},2026-05-10,1,1,2,1,Deceso clínico
{ACE198FA-9B2A-42C9-80BB-22A693C8D45C},2026-05-25,0,0,1,0,Reporte Siniestro STTV
{7211373E-678B-4715-839D-9F84C64A42FB},2026-05-25,0,0,1,0,Reporte Siniestro STTV
{C0BCC97B-B5A2-4EA8-8938-DF682432FE20},2026-05-31,0,0,1,0,Reporte Siniestro STTV
{11C1ECE2-B358-4717-80D3-9076914A1BB7},2026-05-31,0,0,1,0,Reporte Siniestro STTV
{7D41A2EC-7AC7-4E7F-876E-6174A85C9148},2026-05-29,1,1,1,0,Reporte Siniestro STTV
{3810CC0A-0C8D-49E4-8929-8D248C8DB09F},2026-06-28,0,0,1,2,Reporte Siniestro STTV
{01737A23-992F-4388-8622-4FF9507B9163},2026-07-01,1,1,1,0,Reporte Siniestro STTV
{3FE522A9-ACAD-4A58-8DD1-7A1D65468DB5},2026-07-23,1,1,0,1,Reporte Siniestro STTV
{40DD54CF-6AF5-452D-825B-0A52F0A962F0},2026-08-15,0,0,2,1,Reporte Siniestro STTV
{2494B5C0-166C-4544-8100-07A15C754BC2},2026-08-25,1,1,0,1,Reporte Siniestro STTV
