archivo,sha256,bytes,congelado
comparendos/2026-10-04_sttv_comparendos-2023-2026.zip,964dee5bf8fe3e804438b8cee584df515eadaff2c3cfb80b2f092c05dbbb897e,8117685,2026-10-06
equipos/2026-10-06_sttv_equipos-sast.xlsx,c8af5ed49be07ab47129c587b153c9307b116a43ce830f99fa6085d70ec19057,30136,2026-10-06
equipos/Zona de influencia.cpg,3ad3031f5503a4404af825262ee8232cc04d4ea6683d42c5dd0a2f2a27ac9824,5,2026-10-06
equipos/Zona de influencia.dbf,5023eb3a2859ce7c6082573600fb1d5da6346fa670486285605afa399407dfc8,1763,2026-10-06
equipos/Zona de influencia.prj,a02a27b1d1982c8516d83398e85a3c8b1aef1713c13ef4d84d7bde17430c07c4,145,2026-10-06
equipos/Zona de influencia.shp,f2a8b591f5411befc895a509a2acb5ffce9f5a8b417d3a2038448b6276e8bc4b,3616,2026-10-06
equipos/Zona de influencia.shx,8fdc6f387d6f6425ee02326df03e9ac1cdefdb662ad05d781722d914d734c840,220,2026-10-06
portal/2026-10-06_portal_procedencia.json,92b89d117b06f49f18f2d47a9421aa30418aaa7f0589a8f0dda88dc751475b99,847,2026-10-06
portal/2026-10-06_portal_siniestros.parquet,2187122a561a02912d824dbee807004737eb4cc941c1c257360cde5289b31c8d,205471,2026-10-06
portal/2026-10-06_portal_victimas.parquet,b898a7e41bfe5d5340d2f2a677efc2f78ba84d427ec727017289f664ac0ef424,73731,2026-10-06
pot/POT_Valledupar_Clasificacion_Suelo.gdb.zip,5b87b3af50a665fd9407eb2aaf816f6748462f106881f124fd090de34cf271f2,15427983,2026-10-06
pot/POT_Valledupar_Limites_Administrativos.gdb.zip,addff5ed8fd66e73a4ed55198ffd242b02546d448906ffb35aaaec77358520eb,7884361,2026-10-06
pot/POT_Valledupar_Movilidad_Vial.gdb.zip,701667d1e26cf40aa2afdff47d5358f501f485f5461d03174a45c47a3a379ae3,11378122,2026-10-06
red_vial/2026-08-05_osm_red-vial-valledupar.gpkg,18a24dc4fc08ac7665c861656b591a07783f4684265668fc27bf4c78bdac175a,8167424,2026-10-06
